{"assignment": {"Prince William County Glenkirk": [0], "Prince William County Buckland Mills": [0], "Prince William County Limestone": [0], "Prince William County Mullen": [0], "Prince William County Sudley": [0], "Prince William County Ben Lomond": [0], "Prince William County Stonewall": [0], "Fauquier County Bealeton": [0], "Stafford County Ruby": [0], "Stafford County Rock Hill": [0], "Stafford County Stefaniga": [0], "Stafford County Roseville": [0], "Prince William County Quantico": [0], "Stafford County Griffis": [0], "Stafford County Widewater": [0], "Fredericksburg City Precinct 1 - District Four": [0], "Fredericksburg City Precinct 1 - District Two": [0], "Stafford County Aquia": [0], "Stafford County Harbour": [0], "Stafford County Government Island": [0], "Stafford County England Run": [0], "Stafford County Falmouth": [0], "Stafford County Ferry Farm": [0], "Stafford County Gayle": [0], "Stafford County Drew": [0], "Stafford County White Oak": [0], "Stafford County Chatham": [0], "Stafford County Brooke": [0], "Stafford County Grafton": [0], "Stafford County Courthouse": [0], "Stafford County Barrett": [0], "Fauquier County Catlett": [0], "Prince William County Independent Hill": [0], "Prince William County Hylton": [0], "Prince William County Forest Park": [0], "Prince William County Saratoga": [0], "Prince William County Montclair": [0], "Prince William County Cabin Branch": [0], "Prince William County Ashland": [0], "Prince William County Washington-Reid": [0], "Prince William County Henderson": [0], "Prince William County Pattie": [0], "Prince William County Spriggs": [0], "Prince William County Piney Branch": [0], "Prince William County Bristow Run": [0], "Prince William County Cedar Point": [0], "Prince William County Victory": [0], "Prince William County Ellis": [0], "Prince William County Marsteller": [0], "Prince William County Westgate": [0], "Prince William County Lucasville": [0], "Prince William County Coles": [0], "Prince William County Brentsville": [0], "Prince William County Nokesville": [0], "Prince William County Bennett": [0], "Prince William County Marshall": [0], "Prince William County Penn": [0], "Prince William County Springwoods": [0], "Prince William County Westridge": [0], "Prince William County Lake Ridge": [0], "Prince William County Mc Coart": [0], "Prince William County Mohican": [0], "Prince William County Cardinal": [0], "Spotsylvania County Battlefield": [0], "Spotsylvania County Brents Mill": [0], "Caroline County Woodford": [0], "Spotsylvania County Summit": [0], "Caroline County Carmel Church": [0], "Caroline County North Madison": [0], "Caroline County Lake": [0], "Caroline County Milford": [0], "Caroline County West Mattaponi": [0], "Caroline County South Madison": [0], "Caroline County Chilesburg": [0], "Caroline County Dawn": [0], "Fredericksburg City Precinct 2 - District Four": [0], "Fredericksburg City Precinct 1 - District Three": [0], "Fredericksburg City Precinct 1 - District One": [0], "Fauquier County Lois": [0], "Fauquier County Morrisville": [0], "Stafford County Hartwood": [0], "Stafford County Rocky Run": [0], "Stafford County Simpson": [0], "Stafford County College": [0], "Stafford County Woodlands": [0], "Stafford County Hampton": [0], "Stafford County Whitson": [0], "James City County Berkeley A": [0], "James City County Powhatan B": [0], "James City County Jamestown B": [0], "James City County Powhatan D": [0], "James City County Powhatan C": [0], "James City County Berkeley B": [0], "James City County Jamestown C": [0], "James City County Jamestown D": [0], "James City County Stonehouse C": [0], "James City County Powhatan A": [0], "James City County Stonehouse A": [0], "James City County Berkeley C": [0], "James City County Stonehouse B": [0], "King William County Courthouse": [0], "King William County Manquin": [0], "King William County Sweet Hall": [0], "King William County Aylett": [0], "King William County Mangohick": [0], "King And Queen County Oldmill": [0], "King And Queen County Shacklefords": [0], "King And Queen County Courthouse": [0], "King And Queen County Clarks": [0], "King And Queen County Owenton": [0], "Gloucester County Peasley": [0], "Gloucester County Salem": [0], "Gloucester County Harcum": [0], "Gloucester County Courthouse": [0], "Gloucester County Walker": [0], "Gloucester County Sarahs Creek": [0], "King William County West Point": [0], "Gloucester County White Marsh": [0], "Gloucester County Hayes": [0], "Gloucester County Roanes": [0], "Gloucester County Achilles": [0], "Gloucester County Botetourt": [0], "Middlesex County Urbanna": [0], "Middlesex County Saluda": [0], "Middlesex County Harmony Village": [0], "Middlesex County New Market": [0], "Middlesex County Churchview": [0], "Middlesex County Wilton": [0], "Essex County North": [0], "Essex County South": [0], "Essex County Greater Tappahannock": [0], "Essex County Central": [0], "Mathews County Chesapeake": [0], "Mathews County Westville": [0], "Mathews County Piankatank": [0], "Westmoreland County Precinct 3-2": [0], "Westmoreland County Precinct 5-1": [0], "King George County Passapatanzy": [0], "Westmoreland County Precinct 3-1": [0], "Westmoreland County Precinct 4-1": [0], "King George County Dahlgren": [0], "King George County Monroe": [0], "Lancaster County Precinct 3-2": [0], "Northumberland County 3B": [0], "Westmoreland County Precinct 2-2": [0], "Westmoreland County Precinct 1-1": [0], "Northumberland County 3A": [0], "Richmond County Precinct 3-1": [0], "Caroline County Port Royal": [0], "Richmond County Precinct 2-1": [0], "Richmond County Precinct 5-1": [0], "Richmond County Precinct 1-1": [0], "Lancaster County Precinct 3-1": [0], "Caroline County Sparta": [0], "Westmoreland County Precinct 2-1": [0], "Lancaster County Precinct 4-1": [0], "Lancaster County Precinct 2-1": [0], "Lancaster County Precinct 5-1": [0], "Westmoreland County Precinct 1-2": [0], "Lancaster County Precinct 1-1": [0], "Northumberland County 4A": [0], "Northumberland County 5A": [0], "Northumberland County 1A": [0], "Northumberland County 2A": [0], "Caroline County Bowling Green": [0], "Richmond County Precinct 4-1": [0], "King George County Courthouse": [0], "King George County Shiloh": [0], "York County Bethel": [0], "Poquoson City Eastern": [0], "Poquoson City Central": [0], "Poquoson City Western": [0], "York County Coventry": [0], "York County Tabb": [0], "James City County Roberts C": [0], "James City County Jamestown A": [0], "James City County Roberts A": [0], "Williamsburg City Stryker": [0], "Williamsburg City Matoaka": [0], "York County Kiln Creek": [0], "James City County Berkeley D": [0], "James City County Roberts D": [0], "James City County Roberts B": [0], "York County Harwoods Mill": [0], "York County Queens Lake": [0], "York County Magruder": [0], "York County Edgehill": [0], "York County Grafton": [0], "York County Waller Mill": [0], "York County Yorktown": [0], "York County Seaford": [0], "York County Dare": [0], "Newport News City Greenwood": [0], "Spotsylvania County Hazel Run": [0], "Spotsylvania County Plank Road": [0], "Spotsylvania County Riverbend": [0], "Accomack County Saxis": [1], "Accomack County Tangier": [1], "Accomack County Wachapreague": [1], "Accomack County Bobtown": [1], "Accomack County Bloxom": [1], "Accomack County Atlantic": [1], "Accomack County Melfa": [1], "Accomack County Parksley": [1], "Accomack County Mappsville": [1], "Accomack County Rue": [1], "Accomack County Greenbackville": [1], "Northampton County Precinct 4-1": [1], "Northampton County Precinct 3-1": [1], "Northampton County Precinct 1-1": [1], "Northampton County Precinct 2-1": [1], "Northampton County Precinct 5-1": [1], "Accomack County Chincoteague": [1], "Norfolk Ocean View School": [1], "Norfolk Suburban Park": [1], "Accomack County Accomac": [1], "Accomack County New Church": [1], "Accomack County Nandua": [1], "Accomack County Painter": [1], "Norfolk Northside": [1], "Norfolk Crossroads": [1], "Norfolk Pretlow": [1], "Norfolk Ocean View Center": [1], "Virginia Beach Chesapeake Beach": [1], "Virginia Beach Salem Woods": [1], "Virginia Beach Round Hill": [1], "Virginia Beach Cromwell": [1], "Virginia Beach Hillcrest": [1], "Virginia Beach Indian Lakes": [1], "Virginia Beach Glenwood": [1], "Virginia Beach Rosemont Forest": [1], "Virginia Beach Indian River": [1], "Virginia Beach Bellamy": [1], "Virginia Beach Manor": [1], "Virginia Beach Lake Christopher": [1], "Virginia Beach Stratford Chase": [1], "Virginia Beach Colonial": [1], "Virginia Beach Centerville": [1], "Virginia Beach Windsor Oaks": [1], "Virginia Beach Independence": [1], "Virginia Beach Dahlia": [1], "Virginia Beach Timberlake": [1], "Norfolk Second Presbyterian": [1], "Virginia Beach Blackwater": [1], "Virginia Beach Creeds": [1], "Virginia Beach Sandbridge": [1], "Virginia Beach Capps Shop": [1], "Virginia Beach Sigma": [1], "Virginia Beach Rudee": [1], "Virginia Beach Oceana": [1], "Virginia Beach Seatack": [1], "Virginia Beach Corporate Landing": [1], "Virginia Beach Red Wing": [1], "Virginia Beach Culver": [1], "Virginia Beach Edinburgh": [1], "Virginia Beach Thalia": [1], "Virginia Beach Kings Grant": [1], "Virginia Beach Malibu": [1], "Virginia Beach Pinewood": [1], "Virginia Beach Trantwood": [1], "Virginia Beach Hilltop": [1], "Virginia Beach Lynnhaven": [1], "Virginia Beach Eastern Shore": [1], "Virginia Beach Colony": [1], "Virginia Beach Alanton": [1], "Virginia Beach Great Neck": [1], "Virginia Beach North Beach": [1], "Virginia Beach Cape Henry": [1], "Virginia Beach Linkhorn": [1], "Virginia Beach Wolfsnare": [1], "Virginia Beach South Beach": [1], "Virginia Beach London Bridge": [1], "Virginia Beach Plaza": [1], "Norfolk East Ocean View": [1], "Norfolk Bayview": [1], "Virginia Beach Lake Smith": [1], "Virginia Beach Kingston": [1], "Virginia Beach Little Neck": [1], "Virginia Beach Lake Joyce": [1], "Virginia Beach Ocean Park": [1], "Virginia Beach Bayside": [1], "Virginia Beach Haygood": [1], "Virginia Beach Shelton Park": [1], "Virginia Beach Old Donation": [1], "Virginia Beach Thoroughgood": [1], "Virginia Beach Witchduck": [1], "Norfolk Barron Black": [1], "Norfolk Larrymore": [1], "Norfolk Tarrallton": [1], "Norfolk Third Presbyterian": [1], "Norfolk Azalea Gardens": [1], "Norfolk Little Creek": [1], "Virginia Beach North Landing": [1], "Virginia Beach Dam Neck": [1], "Virginia Beach Ocean Lakes": [1], "Virginia Beach Shelburne": [1], "Virginia Beach Foxfire": [1], "Virginia Beach Courthouse": [1], "Virginia Beach Hunt": [1], "Virginia Beach Buckner": [1], "Virginia Beach Chimney Hill": [1], "Virginia Beach Landstown": [1], "Virginia Beach Green Run": [1], "Virginia Beach Upton": [1], "Virginia Beach Strawbridge": [1], "Virginia Beach Brookwood": [1], "Virginia Beach Rock Lake": [1], "Virginia Beach Holland": [1], "Virginia Beach Magic Hollow": [1], "Virginia Beach Aragona": [1], "Virginia Beach Larkspur": [1], "Virginia Beach Fairfield": [1], "Virginia Beach Shannon": [1], "Virginia Beach Point O View": [1], "Virginia Beach Bonney": [1], "Virginia Beach Edwin": [1], "Virginia Beach Pleasant Hall": [1], "Virginia Beach Arrowhead": [1], "Virginia Beach Brandon": [1], "Virginia Beach Lexington": [1], "Virginia Beach Tallwood": [1], "Virginia Beach Avalon": [1], "Virginia Beach Village": [1], "Virginia Beach Homestead": [1], "Virginia Beach Pembroke": [1], "Virginia Beach Mt Trashmore": [1], "Virginia Beach Shell": [1], "Virginia Beach Davis Corner": [1], "Virginia Beach Newtown": [1], "Virginia Beach Baker": [1], "Virginia Beach Sherry Park": [1], "Virginia Beach College Park": [1], "Hampton City Phoebus": [1], "Hampton City Langley": [1], "Hampton City Booker": [1], "Hampton City Bryan": [1], "Hampton City Phillips": [1], "Hampton City Asbury": [1], "Hampton City Burbank": [1], "Norfolk Larchmont School": [1], "Norfolk Willard": [1], "Norfolk Larchmont Library": [1], "Norfolk Fairlawn": [1], "Norfolk Easton": [1], "Hampton City Syms": [1], "Hampton City Machen": [1], "Newport News City Richneck": [1], "Newport News City Kiln Creek": [1], "Newport News City Windsor": [1], "Newport News City Sanford": [1], "Newport News City Yates": [1], "Newport News City Riverview": [1], "Newport News City Deep Creek": [1], "Newport News City Wellesley": [1], "Newport News City Charles": [1], "Newport News City Nelson": [1], "Newport News City Oyster Point": [1], "Newport News City Sedgefield": [1], "Newport News City Boulevard": [1], "Newport News City Watkins": [1], "Newport News City Deer Park": [1], "Hampton City Sandy Bottom": [1], "Newport News City Palmer": [1], "Newport News City Saunders": [1], "Norfolk Wesley": [2], "Norfolk Titustown": [2], "Isle Of Wight Rushmere": [2], "Suffolk City Harbourview": [2], "Portsmouth City John Tyler Elementary School": [2], "Portsmouth City Churchland Primary And Intermediate School": [2], "Portsmouth City The Rescue Church": [2], "Portsmouth City Port Norfolk Recreation Center": [2], "Portsmouth City Park View Elementary School": [2], "Portsmouth City Willett Hall": [2], "Portsmouth City Westhaven Baptist Church": [2], "Portsmouth City Churchland Elementary School": [2], "Portsmouth City St. Mark Deliverance Center": [2], "Portsmouth City Third Baptist Church": [2], "Portsmouth City Scottish Rite Temple": [2], "Portsmouth City Churchland Middle School": [2], "Norfolk Taylor Elementary School": [2], "Portsmouth City Churchland Branch Library": [2], "Portsmouth City Grove Baptist Church": [2], "Portsmouth City Saint Andrew'S United Methodist Church": [2], "Portsmouth City Pinecrest Baptist Church": [2], "Portsmouth City Hodges Manor Elementary School": [2], "Portsmouth City Fairview Heights Baptist Church": [2], "Portsmouth City John F. Kennedy Community Center": [2], "Portsmouth City Mt. Hermon Village": [2], "Portsmouth City Noble Street Baptist Church": [2], "Portsmouth City William E. Waters Middle School": [2], "Portsmouth City St. Mark Missionary Baptist Church": [2], "Portsmouth City Hampton Roads Community Health Center": [2], "Portsmouth City Lakeview Elementary School": [2], "Portsmouth City Brighton Elementary School": [2], "Portsmouth City Emanuel A. M. E. Church": [2], "Portsmouth City Cradock Middle School": [2], "Portsmouth City Cavalier Manor Recreation Center": [2], "Portsmouth City West Park Church Of Christ": [2], "Portsmouth City Victory Life Fellowship": [2], "Norfolk Chrysler Museum": [2], "Norfolk Granby": [2], "Norfolk Union Chapel": [2], "Norfolk Lindenwood": [2], "Norfolk Berkley": [2], "Norfolk Lafayette-Winona": [2], "Norfolk Stuart": [2], "Norfolk Ballentine": [2], "Norfolk Ruffner Academy": [2], "Norfolk Young Park": [2], "Norfolk Ghent Square": [2], "Norfolk Maury": [2], "Norfolk Park Place": [2], "Norfolk Lambert'S Point": [2], "Norfolk Rosemont": [2], "Norfolk Norview": [2], "Norfolk Campostella": [2], "Norfolk Broad Creek": [2], "Norfolk Chesterfield": [2], "Norfolk Coleman Place School": [2], "Norfolk Tanners Creek": [2], "Norfolk Ingleside": [2], "Norfolk Lake Taylor High School": [2], "Norfolk Poplar Halls": [2], "Norfolk Sherwood": [2], "Hampton City Tyler": [2], "Hampton City Jones": [2], "Hampton City City Hall": [2], "Hampton City Kecoughtan": [2], "Hampton City East Hampton": [2], "Hampton City Smith": [2], "Hampton City Thomas": [2], "Hampton City Forrest": [2], "Hampton City Kraft": [2], "Hampton City Hampton Library": [2], "Hampton City Wythe": [2], "Hampton City Lindsay": [2], "Hampton City Aberdeen": [2], "Hampton City Bassette": [2], "Hampton City Armstrong": [2], "Hampton City Mallory": [2], "Hampton City Phenix": [2], "Hampton City Cooper": [2], "Newport News City Bland": [2], "Newport News City Mcintosh": [2], "Newport News City Reservoir": [2], "Newport News City Riverside": [2], "Newport News City Hidenwood": [2], "Newport News City Warwick": [2], "Newport News City Jenkins": [2], "Newport News City Lee Hall": [2], "Newport News City River": [2], "Newport News City Hilton": [2], "Hampton City Tucker Capps": [2], "Hampton City Bethel": [2], "Newport News City Denbigh": [2], "Newport News City Epes": [2], "Newport News City Dunbar": [2], "Newport News City Downtown": [2], "Newport News City Carver": [2], "Newport News City Washington": [2], "Newport News City Newsome Park": [2], "Newport News City Magruder": [2], "Newport News City Huntington": [2], "Newport News City Chestnut": [2], "Newport News City Wilson": [2], "Newport News City Jefferson": [2], "Newport News City Marshall": [2], "Newport News City Reed": [2], "Newport News City Briarfield": [2], "Newport News City Newmarket": [2], "Newport News City South Morrison": [2], "Henrico County Town Hall": [2], "Henrico County Whitlocks": [2], "Henrico County Sandston": [2], "Petersburg City Fifth Ward First Precinct": [2], "Petersburg City Seventh Ward First Precinct": [2], "Petersburg City Fourth Ward First Precinct": [2], "Petersburg City Sixth Ward First Precinct": [2], "Petersburg City Third Ward First Precinct": [2], "Petersburg City First Ward First Precinct": [2], "Petersburg City Second Ward First Precinct": [2], "Prince George County Harrison": [2], "Prince George County Brandon": [2], "Prince George County Black Water": [2], "Prince George County Bland": [2], "Prince George County Rives": [2], "Surry County Spring Grove": [2], "Surry County Walls Bridge": [2], "Surry County Claremont": [2], "Surry County Carsley": [2], "Surry County Surry": [2], "Surry County Bacons Castle": [2], "Richmond One Hundred Thirteen": [2], "Richmond One Hundred Fourteen": [2], "Richmond Two Hundred Seven": [2], "Richmond Five Hundred Eight": [2], "Richmond Nine Hundred Eleven": [2], "Richmond Five Hundred Five": [2], "Richmond Four Hundred Two": [2], "Richmond Five Hundred Three": [2], "Richmond Four Hundred Four": [2], "Richmond Nine Hundred Nine": [2], "Richmond Nine Hundred Eight": [2], "Richmond Nine Hundred Ten": [2], "Richmond Nine Hundred Three": [2], "Richmond Five Hundred Ten": [2], "Richmond Eight Hundred Ten": [2], "Richmond Nine Hundred Two": [2], "Richmond Five Hundred Nine": [2], "Richmond Eight Hundred Eleven": [2], "Richmond Five Hundred One": [2], "Richmond Five Hundred Four": [2], "Richmond Six Hundred Nine": [2], "Richmond Eight Hundred Two": [2], "Richmond Six Hundred Ten": [2], "Richmond Eight Hundred Fourteen": [2], "Richmond Eight Hundred Twelve": [2], "Richmond Eight Hundred Six": [2], "Richmond Seven Hundred Five": [2], "Richmond Seven Hundred Three": [2], "Henrico County Sullivans": [2], "Henrico County Mehfoud": [2], "Henrico County Dorey": [2], "Henrico County Eanes": [2], "Henrico County Montrose": [2], "Henrico County Rolfe": [2], "Henrico County Central Gardens": [2], "Richmond Seven Hundred Two": [2], "Richmond Seven Hundred One": [2], "Richmond Two Hundred Three": [2], "Richmond Two Hundred Four": [2], "Richmond Two Hundred Fourteen": [2], "Richmond Seven Hundred Seven": [2], "Richmond Seven Hundred Six": [2], "Richmond Three Hundred Three": [2], "Richmond Two Hundred Six": [2], "Richmond Three Hundred Two": [2], "Richmond Three Hundred Seven": [2], "Richmond Three Hundred Eight": [2], "Richmond Three Hundred Five": [2], "Richmond Six Hundred Seven": [2], "Richmond Three Hundred Six": [2], "Richmond Three Hundred Four": [2], "Richmond Six Hundred Four": [2], "Richmond Two Hundred Eight": [2], "Richmond Six Hundred Three": [2], "Richmond Three Hundred Ten": [2], "Richmond Seven Hundred Eight": [2], "Richmond Six Hundred Six": [2], "Richmond Two Hundred Thirteen": [2], "Richmond Six Hundred Two": [2], "Henrico County Ratcliffe": [2], "Charles City County Precinct 2-1": [2], "Henrico County Adams": [2], "Charles City County Precinct 3-1": [2], "Charles City County Precinct 1-1": [2], "Henrico County Laburnum": [2], "Richmond Three Hundred One": [2], "Henrico County Elko": [2], "Henrico County Highland Gardens": [2], "Henrico County Cedar Fork": [2], "Henrico County Nine Mile": [2], "Henrico County Glen Lea": [2], "Henrico County Antioch": [2], "Henrico County Essex Village": [2], "Henrico County Donahoe": [2], "Henrico County Chickahominy": [2], "Henrico County Maplewood": [2], "Henrico County Highland Springs": [2], "Henrico County Fairfield": [2], "Henrico County Pleasants": [2], "Surry County Dendron": [2], "Henrico County Wilder": [2], "Henrico County Azalea": [2], "Isle Of Wight Carrsville": [3], "Isle Of Wight Walters": [3], "Isle Of Wight Zuni": [3], "Isle Of Wight Windsor": [3], "Isle Of Wight Raynor": [3], "Isle Of Wight Courthouse": [3], "Isle Of Wight Longview": [3], "Isle Of Wight Pons": [3], "Isle Of Wight Cypress Creek": [3], "Isle Of Wight Carrollton": [3], "Isle Of Wight Bartlett": [3], "Isle Of Wight Smithfield": [3], "Franklin City Precinct 1-1": [3], "Franklin City Precinct 2-1": [3], "Franklin City Precinct 6-1": [3], "Isle Of Wight Camps Mill": [3], "Franklin City Precinct 4-1": [3], "Franklin City Precinct 3-1": [3], "Franklin City Precinct 5-1": [3], "Chesapeake City Nansemond": [3], "Suffolk City Wilroy": [3], "Suffolk City Chuckatuck": [3], "Suffolk City Hillpoint": [3], "Suffolk City Bennetts Creek": [3], "Suffolk City Nansemond River": [3], "Suffolk City Kings Fork": [3], "Suffolk City Ebenezer": [3], "Suffolk City Driver": [3], "Chesapeake City Churchland": [3], "Chesapeake City Fellowship": [3], "Chesapeake City Bailey Creek": [3], "Chesapeake City Silverwood": [3], "Suffolk City Olde Towne": [3], "Suffolk City Hollywood": [3], "Chesapeake City South Norfolk": [3], "Chesapeake City Georgetown East": [3], "Chesapeake City Oscar Smith": [3], "Chesapeake City Johnson Park": [3], "Chesapeake City Norfolk Highlands": [3], "Chesapeake City Georgetown": [3], "Chesapeake City Tanglewood": [3], "Chesapeake City Crestwood": [3], "Chesapeake City Indian River": [3], "Chesapeake City Oaklette": [3], "Chesapeake City South Norfolk Recreation": [3], "Chesapeake City Providence": [3], "Chesapeake City Carver School": [3], "Chesapeake City St Julians": [3], "Chesapeake City Camelot": [3], "Chesapeake City Fairways": [3], "Chesapeake City Westover": [3], "Chesapeake City Parkways": [3], "Chesapeake City Green Tree": [3], "Chesapeake City Cypress": [3], "Chesapeake City B M Williams": [3], "Chesapeake City River Birch": [3], "Suffolk City Burbage Grant": [3], "Suffolk City Shoulders Hill": [3], "Suffolk City Belleharbour": [3], "Suffolk City Huntersville": [3], "Chesapeake City Taylor Road": [3], "Chesapeake City Pughsville": [3], "Chesapeake City Gilmerton": [3], "Chesapeake City Geneva Park": [3], "Chesapeake City Waterway": [3], "Chesterfield County North Chester": [3], "Chesterfield County Salem Church": [3], "Chesterfield County Dutch Gap": [3], "Hopewell City Ward Five": [3], "Hopewell City Ward Seven": [3], "Hopewell City Ward Four": [3], "Hopewell City Ward Three": [3], "Hopewell City Ward One": [3], "Chesterfield County Enon": [3], "Chesterfield County Elizabeth Scott": [3], "Prince George County Jefferson Park": [3], "Chesterfield County Bird": [3], "Chesterfield County Gates": [3], "Chesterfield County Bellwood": [3], "Hopewell City Ward Six": [3], "Hopewell City Ward Two": [3], "Dinwiddie County White Oak": [3], "Dinwiddie County Rocky Run": [3], "Dinwiddie County Church Road": [3], "Dinwiddie County Dinwiddie": [3], "Dinwiddie County Edgehill": [3], "Dinwiddie County New Hope": [3], "Dinwiddie County Sutherland": [3], "Dinwiddie County Chesdin": [3], "Chesterfield County Matoaca": [3], "Chesterfield County Ettrick": [3], "Suffolk City Pittmantown": [3], "Suffolk City Whaleyville": [3], "Suffolk City Holland": [3], "Prince George County Richard Bland": [3], "Prince George County Templeton": [3], "Prince George County Union Branch": [3], "Prince George County Courts Bldg": [3], "Southampton County Sedley": [3], "Southampton County Berlin": [3], "Southampton County Ivor": [3], "Southampton County Hunterdale": [3], "Sussex County Wakefield": [3], "Sussex County Blackwater": [3], "Chesterfield County Wells": [3], "Chesterfield County South Chester": [3], "Chesterfield County Ecoff": [3], "Chesterfield County Carver": [3], "Chesterfield County Harrowgate": [3], "Chesterfield County Winfrees Store": [3], "Chesterfield County Beach": [3], "Colonial Heights City First": [3], "Colonial Heights City Fifth": [3], "Colonial Heights City Third": [3], "Colonial Heights City Second": [3], "Colonial Heights City Fourth": [3], "Chesterfield County Nash": [3], "Chesterfield County Iron Bridge": [3], "Dinwiddie County Cherry Hill": [3], "Dinwiddie County Reams": [3], "Dinwiddie County Mckenney": [3], "Dinwiddie County Little Zion": [3], "Dinwiddie County Rohoic": [3], "Sussex County West Wakefield": [3], "Greensville County Precinct 1-B": [3], "Sussex County Little Mill": [3], "Greensville County Precinct 4-C": [3], "Sussex County Yale": [3], "Greensville County Precinct 4-A": [3], "Sussex County Newville": [3], "Southampton County Branchville": [3], "Emporia City District 7": [3], "Emporia City Precinct 2-1": [3], "Emporia City Precinct 3-1": [3], "Emporia City District 6": [3], "Southampton County Forks-Of-The-River": [3], "Greensville County Precinct 1-A": [3], "Emporia City Precinct 1-1": [3], "Emporia City Precinct 5-1": [3], "Greensville County Precinct 1-C": [3], "Sussex County Henry": [3], "Emporia City Precinct 4-1": [3], "Sussex County Stony Creek": [3], "Greensville County Precinct 2-A": [3], "Greensville County Precinct 2-B": [3], "Southampton County Blackwater River": [3], "Southampton County Newsoms": [3], "Southampton County Capron": [3], "Sussex County Mars Hill": [3], "Southampton County Sebrell": [3], "Sussex County Waverly": [3], "Southampton County Boykins": [3], "Southampton County Courtland": [3], "Greensville County Precinct 3-A": [3], "Southampton County Drewryville": [3], "Sussex County Courthouse": [3], "Greensville County Precinct 4-B": [3], "Suffolk City Airport": [3], "Suffolk City Lake Cohoon": [3], "Suffolk City Lakeside": [3], "Suffolk City Kilbys Mill": [3], "Suffolk City Elephants Fork/Westhaven": [3], "Chesapeake City John T West": [3], "Chesapeake City Jolliff": [3], "Chesapeake City E W Chittum": [3], "Chesapeake City Deep Creek": [3], "Suffolk City White Marsh": [3], "Suffolk City Southside": [3], "Suffolk City Booker T Washington": [3], "Suffolk City John F Kennedy": [3], "Chesapeake City Sunray I": [3], "Chesapeake City Sunray Ii": [3], "Chesapeake City Jolliff Middle School": [3], "Chesapeake City Greenbrier": [3], "Chesapeake City Clearfield": [3], "Chesapeake City Poplar Branch": [3], "Chesapeake City Pleasant Crossing": [3], "Chesapeake City Bridgetown": [3], "Chesapeake City Centerville": [3], "Chesapeake City Bells Mill Ii": [3], "Chesapeake City Fentress": [3], "Chesapeake City Coopers Way": [3], "Chesapeake City Oak Grove": [3], "Chesapeake City Hickory Grove": [3], "Chesapeake City Parker Road": [3], "Chesapeake City Great Bridge Baptist Church": [3], "Chesapeake City Hickory Middle School": [3], "Chesapeake City Great Bridge": [3], "Chesapeake City Expressway": [3], "Chesapeake City River Walk": [3], "Chesapeake City Grassfield": [3], "Chesapeake City Lake Drummond": [3], "Chesapeake City Green Sea": [3], "Chesapeake City Shipyard Road": [3], "Chesapeake City Indian Creek": [3], "Chesapeake City Bells Mill": [3], "Chesapeake City Bethel": [3], "Chesterfield County South Manchester": [3], "Chesterfield County Deer Run": [3], "Chesterfield County St. Luke'S": [3], "Chesterfield County Jacobs": [3], "Chesterfield County Bailey Bridge": [3], "Chesterfield County Spring Run": [3], "Chesterfield County Crenshaw": [3], "Amelia County Number Three": [3], "Amelia County Number One": [3], "Amelia County Number Four": [3], "Amelia County Number Five": [3], "Amelia County Number Two": [3], "Nottoway County Precinct 1-1": [3], "Nottoway County Precinct 5-1": [3], "Nottoway County Precinct 2-2": [3], "Nottoway County Precinct 3-2": [3], "Nottoway County Precinct 1-2": [3], "Nottoway County Precinct 4-2": [3], "Nottoway County Precinct 2-1": [3], "Nottoway County Precinct 3-1": [3], "Nottoway County Precinct 4-1": [3], "Chesterfield County North Bird": [3], "Chesterfield County Five Forks": [3], "Chesterfield County Beulah": [3], "Powhatan County Tobaccoville": [3], "Powhatan County Manakin": [3], "Powhatan County Mt Zion": [3], "Powhatan County Flat Rock": [3], "Powhatan County Pineville": [3], "Powhatan County Smith Cross Roads": [3], "Powhatan County Powhatan Station": [3], "Powhatan County Bethesda": [3], "Powhatan County Subletts": [3], "Powhatan County Graceland": [3], "Powhatan County Lee'S Landing": [3], "Powhatan County Powhatan Courthouse": [3], "Chesterfield County West Beach": [3], "Chesterfield County Birkdale": [3], "Chesterfield County Winterpock": [3], "Chesterfield County Cosby": [3], "Chesterfield County Chippenham": [3], "Chesterfield County Southside": [3], "Chesterfield County Meadowbrook": [3], "Chesterfield County Falling Creek": [3], "Chesterfield County Hopkins": [3], "Chesterfield County Drewrys Bluff": [3], "Pittsylvania County Keeling": [4], "Danville City Ward Nine": [4], "Pittsylvania County Stony Mill": [4], "Danville City Ward Seventeen": [4], "Pittsylvania County Kentuck": [4], "Pittsylvania County Ringgold": [4], "Pittsylvania County Mt Hermon": [4], "Pittsylvania County Ferry Road": [4], "Danville City Ward Fourteen": [4], "Danville City Ward Twelve": [4], "Danville City Ward Eleven": [4], "Pittsylvania County Brosville": [4], "Danville City Ward Three": [4], "Danville City Ward Four": [4], "Danville City Ward Seven": [4], "Pittsylvania County Bachelors Hall": [4], "Danville City Ward Six": [4], "Danville City Ward Ten": [4], "Henry County Mount Olivet": [4], "Henry County Irisburg": [4], "Henry County Ridgeway #1": [4], "Danville City Ward One": [4], "Danville City Ward Eight": [4], "Danville City Ward Fifteen": [4], "Danville City Ward Sixteen": [4], "Danville City Ward Two": [4], "Danville City Ward Thirteen": [4], "Pittsylvania County Bearskin": [4], "Pittsylvania County Dry Fork": [4], "Pittsylvania County West Blairs": [4], "Pittsylvania County Climax": [4], "Pittsylvania County Sandy Level": [4], "Pittsylvania County Renan": [4], "Pittsylvania County Callands": [4], "Pittsylvania County Whitmell": [4], "Pittsylvania County Tunstall": [4], "Pittsylvania County Mt Cross": [4], "Pittsylvania County Swansonville": [4], "Pittsylvania County Hurt": [4], "Pittsylvania County Motley Sycamore": [4], "Pittsylvania County Gretna": [4], "Pittsylvania County Twin Springs": [4], "Pittsylvania County Mt Airy": [4], "Pittsylvania County East Gretna": [4], "Henry County Mountain View": [4], "Pittsylvania County Riceville": [4], "Henry County Ridgeway #2": [4], "Henry County Axton": [4], "Pittsylvania County Chatham": [4], "Pittsylvania County East Blairs": [4], "Pittsylvania County Central": [4], "Rappahannock County Scrabble": [4], "Rappahannock County Sperryville": [4], "Rappahannock County Chester Gap And Flint Hill": [4], "Rappahannock County Washington": [4], "Rappahannock County Amissville": [4], "Fauquier County Springs Valley": [4], "Fauquier County Opal": [4], "Fauquier County Baldwin Ridge": [4], "Fauquier County Broad Run": [4], "Fauquier County Leeds": [4], "Fauquier County The Plains": [4], "Fauquier County Airlie": [4], "Fauquier County Waterloo": [4], "Fauquier County Marshall": [4], "Fauquier County Warrenton": [4], "Fauquier County Courthouse": [4], "Bedford County Hardy Vol Fire Co": [4], "Bedford County Bedford Christian Church": [4], "Bedford County Bedford Regional Water Auth": [4], "Bedford County Stewartsville Rescue Squad": [4], "Bedford County Goode Vol Rescue Squad": [4], "Bedford County Shady Grove Fire Department": [4], "Bedford County Goodview Elem School": [4], "Bedford County Bedford Welcome Center": [4], "Bedford County Bedford Central Library": [4], "Nelson County Montebello": [4], "Nelson County Nellysford": [4], "Nelson County Roseland": [4], "Nelson County Rockfish": [4], "Bedford County Bethesda United Methodist Church": [4], "Bedford County Huddleston Elem School": [4], "Franklin County Coopers Cove": [4], "Bedford County Saunders Vol Fire Co": [4], "Franklin County Bonbrook": [4], "Franklin County Burnt Chimney": [4], "Bedford County Quaker Baptist Church": [4], "Bedford County Staunton River High School": [4], "Bedford County Chamblissburg Baptist Church": [4], "Campbell County Kings": [4], "Bedford County Moneta Elem School": [4], "Campbell County Brookville": [4], "Campbell County New London": [4], "Campbell County Walker": [4], "Campbell County Spring Hill": [4], "Bedford County Thaxton Baptist Church #1": [4], "Bedford County Thaxton Baptist Church #2": [4], "Bedford County Liberty High School": [4], "Albemarle County Yellow Mountain": [4], "Albemarle County East Ivy": [4], "Albemarle County Brownsville": [4], "Albemarle County Mechums River": [4], "Albemarle County Jack Jouett": [4], "Albemarle County Ivy": [4], "Albemarle County Crozet": [4], "Madison County Graves Mill": [4], "Madison County Etlan": [4], "Madison County Rochelle": [4], "Madison County Criglersville": [4], "Madison County Wolftown": [4], "Madison County Oak Park": [4], "Madison County Brightwood": [4], "Madison County Radiant": [4], "Madison County Madison": [4], "Fauquier County Kettle Run": [4], "Fauquier County Casanova": [4], "Fauquier County New Baltimore": [4], "Fauquier County Vint Hill": [4], "Albemarle County Pantops": [4], "Albemarle County Branchlands": [4], "Albemarle County Free Bridge": [4], "Albemarle County Dunlora": [4], "Albemarle County Agnor-Hurt": [4], "Albemarle County Georgetown": [4], "Albemarle County Woodbrook": [4], "Albemarle County Biscuit Run": [4], "Albemarle County Cale": [4], "Charlottesville City Alumni Hall": [4], "Charlottesville City Benjamin Tonsler": [4], "Charlottesville City Venable": [4], "Charlottesville City Buford": [4], "Charlottesville City Recreation": [4], "Charlottesville City Carver": [4], "Charlottesville City Johnson": [4], "Charlottesville City Walker": [4], "Charlottesville City Clark": [4], "Albemarle County University": [4], "Albemarle County Keswick": [4], "Fluvanna County Cunningham": [4], "Fluvanna County Rivanna": [4], "Fluvanna County Palmyra": [4], "Greene County Dyke": [4], "Greene County Swift Run": [4], "Greene County Midway": [4], "Greene County Ruckersville": [4], "Greene County Stanardsville": [4], "Albemarle County Free Union": [4], "Albemarle County Stony Point": [4], "Albemarle County Scottsville": [4], "Albemarle County Monticello": [4], "Albemarle County Hollymead": [4], "Albemarle County Stone Robinson": [4], "Albemarle County Earlysville": [4], "Albemarle County Northside": [4], "Albemarle County Baker-Butler": [4], "Campbell County Three Forks": [4], "Buckingham County Georgia Creek": [4], "Appomattox County Chap": [4], "Appomattox County Agee": [4], "Buckingham County New Store": [4], "Appomattox County Vera": [4], "Buckingham County Wrights": [4], "Appomattox County Us 460": [4], "Buckingham County Glenmore": [4], "Buckingham County Curdsville": [4], "Appomattox County Stonewall": [4], "Appomattox County Pamplin": [4], "Appomattox County Oakville": [4], "Buckingham County New Canton": [4], "Appomattox County Spout Spring": [4], "Buckingham County Slate River": [4], "Buckingham County Maysville": [4], "Buckingham County White Hall": [4], "Buckingham County Gold Hill": [4], "Appomattox County Courthouse": [4], "Campbell County Evington": [4], "Campbell County Otter River": [4], "Campbell County Yellow Branch": [4], "Campbell County Bedford Springs": [4], "Campbell County Concord": [4], "Campbell County Altavista": [4], "Campbell County Court House": [4], "Nelson County Gladstone": [4], "Nelson County Faber": [4], "Nelson County Schuyler": [4], "Nelson County Lovingston": [4], "Albemarle County Porters": [4], "Nelson County Shipman": [4], "Albemarle County Country Green": [4], "Albemarle County Red Hill": [4], "Halifax County Virgilina": [4], "Halifax County Crossroads": [4], "Halifax County Clays Mill": [4], "Campbell County Morris Church": [4], "Halifax County Scottsburg": [4], "Halifax County Midway": [4], "Charlotte County Bacon/Saxe": [4], "Charlotte County Red Oak Wylliesburg": [4], "Charlotte County Drakes Branch": [4], "Halifax County Black Walnut": [4], "Charlotte County Phenix": [4], "Charlotte County Cullen/Red House": [4], "Charlotte County Keysville": [4], "Charlotte County County Seat": [4], "Halifax County Clover": [4], "Halifax County Hyco": [4], "Halifax County Center": [4], "Halifax County Dan River": [4], "Campbell County Brookneal": [4], "Campbell County Gladys": [4], "Halifax County Union": [4], "Halifax County Meadville": [4], "Halifax County Liberty": [4], "Halifax County Vernon Hill": [4], "Halifax County Childrey": [4], "Halifax County Republican Grove": [4], "Halifax County Courthouse": [4], "Halifax County Mt Carmel": [4], "Halifax County Sinai": [4], "Halifax County South Boston": [4], "Prince Edward County Mt Pleasant": [4], "Prince Edward County Buffalo Hts": [4], "Prince Edward County Darlington Hts": [4], "Prince Edward County Center": [4], "Prince Edward County Leigh": [4], "Prince Edward County Prospect": [4], "Prince Edward County Lockett": [4], "Prince Edward County Hampden": [4], "Prince Edward County West End": [4], "Prince Edward County Farmville": [4], "Mecklenburg County Pearsons Store": [4], "Mecklenburg County Park View Middle School": [4], "Mecklenburg County Averett": [4], "Mecklenburg County Finchley": [4], "Lunenburg County Victoria Public Library": [4], "Mecklenburg County Bluestone Senior High School": [4], "Mecklenburg County Smith Crossroads": [4], "Lunenburg County Arrowhead Gun Club": [4], "Lunenburg County Peoples Community Center": [4], "Mecklenburg County Buffalo Springs": [4], "Lunenburg County Meherrin Fire Department": [4], "Mecklenburg County Lake Gaston": [4], "Lunenburg County Reedy Creek": [4], "Mecklenburg County Union Level": [4], "Lunenburg County Flat Rock": [4], "Mecklenburg County Wrights Store": [4], "Mecklenburg County Chase City Vfw Post": [4], "Lunenburg County Browns Store": [4], "Lunenburg County Pleasant Grove": [4], "Mecklenburg County Chase City Elementary School": [4], "Mecklenburg County Baskerville": [4], "Mecklenburg County Sunshine": [4], "Mecklenburg County Bluestone": [4], "Mecklenburg County Lacrosse": [4], "Mecklenburg County Boydton": [4], "Mecklenburg County Chase City": [4], "Mecklenburg County Bracey": [4], "Mecklenburg County South Clarksville": [4], "Mecklenburg County Clarksville": [4], "Mecklenburg County American Legion Hall": [4], "Lunenburg County Plymouth": [4], "Mecklenburg County South Hill": [4], "Cumberland County Precinct 5": [4], "Cumberland County Precinct 3": [4], "Cumberland County Precinct 4": [4], "Cumberland County Precinct 1": [4], "Cumberland County Precinct 2": [4], "Fluvanna County Fork Union": [4], "Fluvanna County Columbia": [4], "Brunswick County Alberta": [4], "Brunswick County King'S Store": [4], "Brunswick County Elmore": [4], "Brunswick County Seymour": [4], "Brunswick County Brodnax": [4], "Lunenburg County Rosebud": [4], "Brunswick County Rock Store": [4], "Brunswick County Tillman": [4], "Brunswick County Danieltown": [4], "Lunenburg County Hounds Creek": [4], "Brunswick County Sturgeon": [4], "Brunswick County Dromgoole": [4], "Brunswick County Fitzhugh": [4], "Brunswick County Edgerton": [4], "Brunswick County Totaro": [4], "Fauquier County Remington": [4], "Franklin County Bowmans": [4], "Franklin County Endicott": [4], "Franklin County Gogginsville": [4], "Franklin County Penhook": [4], "Franklin County Dudley": [4], "Franklin County Waidsboro": [4], "Franklin County Callaway": [4], "Franklin County Ferrum": [4], "Franklin County Boones Mill": [4], "Franklin County Henry": [4], "Franklin County Glade Hill": [4], "Franklin County Rocky Mount East": [4], "Franklin County Scruggs": [4], "Franklin County Hodgesville": [4], "Franklin County Dickinson": [4], "Franklin County Fork Mountain": [4], "Franklin County Snow Creek": [4], "Franklin County Rocky Mount South": [4], "Franklin County Rocky Mount West": [4], "Franklin County Sontag": [4], "Roanoke City Grandin Court": [5], "Roanoke City Crystal Spring": [5], "Roanoke City Raleigh Court": [5], "Roanoke City East Gate": [5], "Roanoke City Eureka Park": [5], "Roanoke City Summit Hills": [5], "Roanoke City South Roanoke": [5], "Roanoke City Preston Park": [5], "Roanoke City Forest Park": [5], "Roanoke City Lee-Hi": [5], "Roanoke City Hollins Road": [5], "Roanoke City Peters Creek": [5], "Roanoke City Highland": [5], "Roanoke City Williamson Road": [5], "Roanoke City Lincoln Terrace": [5], "Roanoke City Garden City": [5], "Shenandoah County Cedar Creek": [5], "Warren County Browntown": [5], "Warren County Bentonville": [5], "Shenandoah County Fort Valley": [5], "Rockingham County Lacey Spring": [5], "Rockingham County Tenth Legion": [5], "Rockingham County Plains": [5], "Shenandoah County Orkney Springs": [5], "Shenandoah County St Luke": [5], "Shenandoah County Lebanon Church": [5], "Shenandoah County Edinburg": [5], "Warren County Fork Town": [5], "Shenandoah County Conicville": [5], "Shenandoah County Mt Jackson": [5], "Shenandoah County Toms Brook": [5], "Warren County Otterburn": [5], "Page County Newport": [5], "Page County East Luray": [5], "Page County West Luray": [5], "Page County Shenandoah": [5], "Shenandoah County New Market": [5], "Page County Marksville": [5], "Shenandoah County Strasburg": [5], "Shenandoah County Woodstock": [5], "Roanoke County Bonsack": [5], "Roanoke County Clearbrook": [5], "Roanoke County Windsor Hills": [5], "Roanoke County Hunting Hills": [5], "Roanoke County North Vinton": [5], "Roanoke County Mount Pleasant": [5], "Roanoke County South Vinton": [5], "Roanoke County Lindenwood": [5], "Roanoke County Mount Vernon": [5], "Roanoke County Burlington": [5], "Roanoke County Garst Mill": [5], "Roanoke City Deyerle": [5], "Roanoke County Ogden": [5], "Roanoke City Old Southwest-Wasena": [5], "Roanoke City Southeast": [5], "Roanoke City Grandview": [5], "Roanoke County Hollins": [5], "Botetourt County Troutville": [5], "Roanoke County Plantation": [5], "Roanoke County Mountain View": [5], "Botetourt County Cloverdale": [5], "Roanoke County Orchards": [5], "Warren County Linden": [5], "Warren County Happy Creek": [5], "Warren County South River": [5], "Warren County East Shenandoah": [5], "Botetourt County Eagle Rock": [5], "Bedford County Montvale Elem School": [5], "Botetourt County Mill Creek": [5], "Botetourt County Greenfield": [5], "Botetourt County Daleville": [5], "Botetourt County Blue Ridge": [5], "Botetourt County Buchanan": [5], "Botetourt County Rainbow Forest": [5], "Botetourt County Fincastle": [5], "Augusta County Deerfield": [5], "Augusta County North River": [5], "Augusta County Stuarts Draft Elementary": [5], "Augusta County Churchville Elementary": [5], "Augusta County Jolivue": [5], "Augusta County Buffalo Gap": [5], "Augusta County Mount Solon": [5], "Augusta County Cedar Green": [5], "Augusta County Sherando": [5], "Augusta County Churchville Fire Station": [5], "Augusta County Lyndhurst": [5], "Staunton City Ward No 4": [5], "Staunton City Ward No 5": [5], "Staunton City Ward No 1": [5], "Waynesboro City Ward B": [5], "Waynesboro City Ward D": [5], "Waynesboro City Ward C": [5], "Waynesboro City Ward A": [5], "Staunton City Ward No 3": [5], "Staunton City Ward Two": [5], "Highland County Headwaters": [5], "Highland County Wilsons Mill": [5], "Highland County Mill Gap": [5], "Highland County Blue Grass": [5], "Highland County Mcdowell": [5], "Highland County Monterey": [5], "Lynchburg City Second Ward Fourth Precinct": [5], "Lynchburg City Second Ward Third Precinct": [5], "Lynchburg City Third Ward First Precinct": [5], "Lynchburg City Second Ward Second Precinct": [5], "Lynchburg City Second Ward First Precinct": [5], "Bedford County The Well Church": [5], "Bedford County Forest Fire Station #2": [5], "Bedford County Thomas Jefferson Elem School": [5], "Bedford County New London Academy": [5], "Bedford County St. Paul Baptist Church": [5], "Lynchburg City Third Ward Third Precinct": [5], "Bedford County Knights Of Columbus Bldg": [5], "Lynchburg City First Ward Fifth Precinct": [5], "Lynchburg City First Ward Fourth Precinct": [5], "Amherst County Court House": [5], "Lynchburg City Fourth Ward Second Precinct": [5], "Lynchburg City First Ward Third Precinct": [5], "Lynchburg City First Ward Second Precinct": [5], "Amherst County Wright Shop": [5], "Lynchburg City Fourth Ward Third Precinct": [5], "Bedford County Big Island Elem School": [5], "Bedford County Sedalia Center": [5], "Bedford County Suck Springs Baptist Church": [5], "Bedford County Forest Elementary School": [5], "Bedford County Boonsboro Elementary School": [5], "Lynchburg City Third Ward Fourth Precinct": [5], "Bedford County Boonsboro Ruritan Club": [5], "Lynchburg City Third Ward Fifth Precinct": [5], "Lynchburg City Fourth Ward Fourth Precinct": [5], "Lynchburg City Fourth Ward First Precinct": [5], "Lynchburg City Third Ward Second Precinct": [5], "Lynchburg City First Ward First Precinct": [5], "Amherst County Pleasant View": [5], "Amherst County Lonco": [5], "Amherst County Temperance": [5], "Amherst County Coolwell": [5], "Amherst County Monroe": [5], "Amherst County New Glasgow": [5], "Amherst County Elon": [5], "Amherst County Madison": [5], "Amherst County Amelon": [5], "Augusta County Middlebrook": [5], "Augusta County Spottswood": [5], "Augusta County Craigsville": [5], "Augusta County Greenville": [5], "Augusta County White Hill": [5], "Augusta County Ridgeview": [5], "Bath County Mountain Grove": [5], "Bath County Burnsville": [5], "Bath County Fairview": [5], "Rockbridge County Plank Road": [5], "Rockbridge County Falling Spring": [5], "Rockbridge County Rockbridge Baths": [5], "Bath County Warm Springs": [5], "Rockbridge County Effinger": [5], "Bath County Healing Springs": [5], "Rockbridge County Vo-Tech": [5], "Bath County Millboro": [5], "Bath County Hot Springs": [5], "Rockbridge County Vesuvius": [5], "Rockbridge County Goshen": [5], "Rockbridge County Ben Salem": [5], "Rockbridge County Rockbridge": [5], "Rockbridge County Meadowview": [5], "Rockbridge County Collierstown": [5], "Rockbridge County Fairfield": [5], "Rockbridge County Airport": [5], "Rockbridge County Maury River": [5], "Rockbridge County Natural Bridge": [5], "Rockbridge County Mountain View": [5], "Rockbridge County Highland Belle": [5], "Buena Vista City Second Ward": [5], "Buena Vista City First Ward": [5], "Lexington City Lexington": [5], "Rockingham County Mt Crawford": [5], "Augusta County New Hope": [5], "Rockingham County Montezuma": [5], "Rockingham County Port Republic": [5], "Rockingham County Grottoes": [5], "Augusta County Dooms": [5], "Rockingham County North River": [5], "Rockingham County Massanetta Springs": [5], "Rockingham County Crossroads": [5], "Augusta County Weyers Cave": [5], "Augusta County Fishersville": [5], "Augusta County Wilson": [5], "Augusta County Fort Defiance": [5], "Augusta County Verona": [5], "Augusta County Crimora": [5], "Rockingham County West Bridgewater": [5], "Rockingham County East Bridgewater": [5], "Rockingham County Ottobine": [5], "Rockingham County Keezletown": [5], "Rockingham County Stony Run": [5], "Rockingham County Bergton": [5], "Rockingham County Little North Mountain": [5], "Rockingham County Melrose": [5], "Rockingham County Dayton": [5], "Rockingham County Fulks Run": [5], "Rockingham County Singers Glen": [5], "Rockingham County Timberville": [5], "Rockingham County Mt Clinton": [5], "Harrisonburg City East Central": [5], "Rockingham County Broadway": [5], "Rockingham County Silver Lake": [5], "Rockingham County Edom": [5], "Harrisonburg City East": [5], "Harrisonburg City West": [5], "Harrisonburg City South East Central": [5], "Harrisonburg City Southwest": [5], "Harrisonburg City Northwest": [5], "Harrisonburg City Northeast": [5], "Harrisonburg City Southeast": [5], "Warren County Town": [5], "Warren County Riverton": [5], "Warren County North River": [5], "Rockingham County Cross Keys": [5], "Rockingham County South Fork": [5], "Rockingham County Elkton": [5], "Rockingham County Mcgaheysville": [5], "Rockingham County Swift Run": [5], "Roanoke County Penn Forest": [5], "Roanoke County Cotton Hill": [5], "Roanoke County Cave Spring": [5], "Roanoke County Poages Mill": [5], "Roanoke County Oak Grove": [5], "Roanoke County Castle Rock": [5], "Spotsylvania County Parkside": [6], "Spotsylvania County Massaponax": [6], "Spotsylvania County Lee Hill": [6], "Hanover County West Hanover": [6], "Hanover County South Anna": [6], "Hanover County Wilmington Parish": [6], "Hanover County Rockville": [6], "Hanover County Montpelier": [6], "Hanover County Farrington": [6], "Hanover County Kersey Creek": [6], "Hanover County Blunts": [6], "Hanover County Courthouse": [6], "Hanover County Chickahominy": [6], "Hanover County Oak Knoll": [6], "Hanover County Sliding Hill": [6], "Hanover County Cool Spring": [6], "Hanover County Beaverdam": [6], "Hanover County Atlee": [6], "Hanover County Oak Hill": [6], "Hanover County Ashland": [6], "Hanover County Elmont": [6], "Hanover County Berkley": [6], "New Kent County Tunstall": [6], "New Kent County Mountcastle": [6], "New Kent County Watkins": [6], "New Kent County Kentwood": [6], "New Kent County Eltham": [6], "New Kent County Quinton": [6], "New Kent County Chickahominy River": [6], "New Kent County Providence Forge": [6], "New Kent County Cumberland": [6], "New Kent County Southern Branch": [6], "Hanover County Beaverdam Creek": [6], "Hanover County Totopotomoy": [6], "Hanover County Studley": [6], "Hanover County Georgetown": [6], "Hanover County Pebble Creek": [6], "Hanover County Hanover Grove": [6], "Hanover County Shady Grove": [6], "Hanover County Rural Point": [6], "Hanover County Newman": [6], "Hanover County Laurel Meadow": [6], "Hanover County Clay": [6], "Hanover County Battlefield": [6], "Hanover County Black Creek": [6], "Hanover County Mechanicsville": [6], "Hanover County Lee Davis": [6], "Hanover County Cold Harbor": [6], "Hanover County Village": [6], "Richmond One Hundred Two": [6], "Richmond One Hundred Twelve": [6], "Richmond One Hundred Fifteen": [6], "Richmond One Hundred Eleven": [6], "Richmond Four Hundred Thirteen": [6], "Richmond Four Hundred Fourteen": [6], "Richmond One Hundred One": [6], "Richmond Four Hundred Nine": [6], "Richmond One Hundred Five": [6], "Richmond One Hundred Four": [6], "Richmond One Hundred Six": [6], "Richmond Four Hundred Twelve": [6], "Richmond Four Hundred Ten": [6], "Richmond Three Hundred Nine": [6], "Culpeper County Eldorado": [6], "Culpeper County Rixeyville": [6], "Culpeper County Brandy Station": [6], "Culpeper County Jeffersonton": [6], "Chesterfield County Crestwood": [6], "Chesterfield County Beaufont": [6], "Chesterfield County Huguenot": [6], "Chesterfield County Evergreen": [6], "Chesterfield County Watkins": [6], "Chesterfield County Reams": [6], "Chesterfield County Manchester": [6], "Chesterfield County Monacan": [6], "Chesterfield County Harbour Pointe": [6], "Chesterfield County Wagstaff": [6], "Chesterfield County Pocoshock": [6], "Chesterfield County La Prade": [6], "Chesterfield County Providence": [6], "Chesterfield County Genito": [6], "Orange County Three East": [6], "Culpeper County Browns Store": [6], "Culpeper County West Fairfax": [6], "Culpeper County Mitchells": [6], "Orange County Two East": [6], "Orange County Four East": [6], "Orange County One West": [6], "Orange County Five South": [6], "Culpeper County Pearl Sample": [6], "Orange County Four West": [6], "Orange County One East": [6], "Orange County Five North": [6], "Orange County Two West": [6], "Orange County Three West": [6], "Culpeper County East Fairfax": [6], "Culpeper County Willow Shade": [6], "Culpeper County Richardsville": [6], "Culpeper County Lignum": [6], "Culpeper County Cardova": [6], "Culpeper County Eggbornsville": [6], "Culpeper County South Ridge": [6], "Spotsylvania County Post Oak": [6], "Spotsylvania County Fairview": [6], "Spotsylvania County Courthouse": [6], "Spotsylvania County Piedmont": [6], "Spotsylvania County Gayle": [6], "Spotsylvania County Chancellor": [6], "Spotsylvania County Salem": [6], "Spotsylvania County Smith Station": [6], "Spotsylvania County Brock": [6], "Spotsylvania County Travelers Rest": [6], "Spotsylvania County Partlow": [6], "Spotsylvania County Blaydes Corner": [6], "Henrico County Causeway": [6], "Henrico County West End": [6], "Henrico County Rivers Edge": [6], "Henrico County Nuckols Farm": [6], "Henrico County Sadler": [6], "Henrico County Shady Grove": [6], "Henrico County Short Pump": [6], "Louisa County Elk Creek": [6], "Louisa County Yanceyville": [6], "Louisa County Patrick Henry #2": [6], "Louisa County Fredericks Hall": [6], "Louisa County Mechanicsville": [6], "Louisa County Cuckoo": [6], "Louisa County Louisa #2": [6], "Louisa County Louisa #1": [6], "Louisa County Zion": [6], "Spotsylvania County Brokenburg": [6], "Spotsylvania County Belmont": [6], "Louisa County Mineral": [6], "Louisa County Patrick Henry No 1": [6], "Goochland County Blair Road": [6], "Louisa County Bumpass": [6], "Louisa County South Anna": [6], "Goochland County Shallow Well": [6], "Goochland County Centerville": [6], "Louisa County Locust Creek": [6], "Louisa County Sheltons Mill": [6], "Goochland County Goochland Court House 1": [6], "Goochland County Manakin": [6], "Chesterfield County Evergreen West": [6], "Chesterfield County Midlothian": [6], "Chesterfield County Swift Creek": [6], "Chesterfield County Midlothian North": [6], "Chesterfield County Tomahawk": [6], "Chesterfield County Brandermill": [6], "Chesterfield County Woolridge": [6], "Chesterfield County Roseland": [6], "Chesterfield County Edgewater": [6], "Chesterfield County Skinquarter": [6], "Goochland County Three Square": [6], "Goochland County Goochland Court House 2": [6], "Goochland County Fife": [6], "Goochland County Hadensville": [6], "Goochland County Sandy Hook": [6], "Chesterfield County Black Heath": [6], "Chesterfield County Cranbeck": [6], "Chesterfield County Bon Air": [6], "Chesterfield County Greenfield": [6], "Chesterfield County Belgrade": [6], "Chesterfield County Salisbury": [6], "Chesterfield County Robious": [6], "Chesterfield County Smoketree": [6], "Chesterfield County Shenandoah": [6], "Chesterfield County Sycamore": [6], "Henrico County Monument Hills": [6], "Henrico County Rollingwood": [6], "Chesterfield County Davis": [6], "Chesterfield County Belmont": [6], "Henrico County Oakview": [6], "Henrico County Stratford Hall": [6], "Henrico County Maude Trevvett": [6], "Henrico County Mooreland": [6], "Henrico County Godwin": [6], "Henrico County Lakewood": [6], "Henrico County Welborne": [6], "Henrico County Maybeury": [6], "Henrico County Pocahontas": [6], "Henrico County Innsbrook": [6], "Henrico County Gayton": [6], "Henrico County Ridgefield": [6], "Henrico County Lauderdale": [6], "Henrico County Glen Allen": [6], "Henrico County Coalpit": [6], "Henrico County Hermitage": [6], "Henrico County Lakeside": [6], "Henrico County Stoney Run": [6], "Henrico County Dumbarton": [6], "Henrico County Mountain": [6], "Henrico County Hunton": [6], "Henrico County Brookland": [6], "Henrico County Moody": [6], "Henrico County Canterbury": [6], "Henrico County Spottswood": [6], "Henrico County Derbyshire": [6], "Henrico County Jackson Davis": [6], "Henrico County Freeman": [6], "Henrico County Ridge": [6], "Henrico County Westwood": [6], "Henrico County Skipwith": [6], "Henrico County Cedarfield": [6], "Henrico County Springfield": [6], "Henrico County Quioccasin": [6], "Henrico County Crestview": [6], "Henrico County Tuckahoe": [6], "Henrico County Three Chopt": [6], "Henrico County Pemberton": [6], "Henrico County Longan": [6], "Henrico County Pinchbeck": [6], "Henrico County Hungary Creek": [6], "Henrico County Greendale": [6], "Henrico County Johnson": [6], "Henrico County Tucker": [6], "Henrico County Staples Mill": [6], "Henrico County Randolph": [6], "Henrico County Greenwood": [6], "Henrico County Hollybrook": [6], "Henrico County Belmont": [6], "Henrico County Hungary": [6], "Henrico County Longdale": [6], "Henrico County Chamberlayne": [6], "Henrico County Yellow Tavern": [6], "Spotsylvania County Wilderness School": [6], "Spotsylvania County Ni River / Elys Ford": [6], "Spotsylvania County Wilderness Fire": [6], "Fairfax County Salona #1": [7], "Fairfax County Magarity": [7], "Fairfax County Westlawn": [7], "Fairfax County Parklawn": [7], "Fairfax County Brook Hill": [7], "Fairfax County Poe": [7], "Fairfax County Holmes #1": [7], "Fairfax County Lincolnia": [7], "Fairfax County Baileys": [7], "Fairfax County Saint Albans": [7], "Fairfax County Edsall": [7], "Fairfax County Lynbrook": [7], "Fairfax County Crestwood": [7], "Fairfax County Bren Mar": [7], "Fairfax County Weyanoke": [7], "Fairfax County Forestdale": [7], "Fairfax County Alban": [7], "Fairfax County Saratoga": [7], "Fairfax County Lane": [7], "Fairfax County Garfield": [7], "Fairfax County Pioneer": [7], "Fairfax County Westgate": [7], "Fairfax County Gunston": [7], "Fairfax County Lorton": [7], "Fairfax County Cameron": [7], "Fairfax County Virginia Hills": [7], "Fairfax County Clermont": [7], "Fairfax County Mount Eagle": [7], "Fairfax County Huntington": [7], "Fairfax County Rose Hill": [7], "Fairfax County Huntley": [7], "Fairfax County Franconia": [7], "Fairfax County Belvoir": [7], "Fairfax County Villages": [7], "Fairfax County Army": [7], "Fairfax County Island Creek": [7], "Fairfax County Bush Hill": [7], "Fairfax County Van Dorn": [7], "Fairfax County Kingstowne": [7], "Fairfax County Lorton Station": [7], "Fairfax County Waynewood": [7], "Fairfax County Riverside": [7], "Fairfax County Marlan": [7], "Fairfax County Hayfield": [7], "Fairfax County Fort Hunt": [7], "Fairfax County Belle Haven": [7], "Fairfax County Hollin Hall": [7], "Fairfax County Groveton": [7], "Fairfax County Woodley": [7], "Fairfax County Kirkside": [7], "Fairfax County Sherwood": [7], "Fairfax County Stratford": [7], "Fairfax County Fairfield": [7], "Fairfax County Pinewood": [7], "Fairfax County Bucknell": [7], "Fairfax County Woodlawn": [7], "Fairfax County Hybla Valley": [7], "Alexandria City Potomac Yard": [7], "Arlington County Oakridge": [7], "Arlington County Aurora Hills": [7], "Alexandria City Ladrey Senior Building": [7], "Alexandria City Fire Department Headquarters": [7], "Fairfax County Belleview": [7], "Alexandria City City Hall": [7], "Arlington County Fairlington": [7], "Alexandria City Charles Houston Center": [7], "Fairfax County Grosvenor": [7], "Alexandria City Blessed Sacrament Church": [7], "Arlington County Shirlington": [7], "Alexandria City George Mason School": [7], "Alexandria City Durant Center": [7], "Alexandria City Maury School": [7], "Alexandria City Agudas Achim Synagogue": [7], "Arlington County Abingdon": [7], "Alexandria City Lyles Crouch School": [7], "Alexandria City Lee Center": [7], "Alexandria City George Washington Middle Sch": [7], "Alexandria City Mt Vernon Recreation Center": [7], "Alexandria City Cora Kelly": [7], "Alexandria City Chinquapin Park Recreation Ctr": [7], "Alexandria City Douglas Macarthur School": [7], "Alexandria City Nova Arts Center": [7], "Alexandria City The Hermitage": [7], "Alexandria City South Port": [7], "Alexandria City William Ramsay School": [7], "Alexandria City John Adams School": [7], "Alexandria City Cameron Station Community Ctr": [7], "Alexandria City Patrick Henry Rec Center": [7], "Alexandria City Temple Beth El Synagogue": [7], "Alexandria City Charles E Beatley Library": [7], "Alexandria City James K Polk School": [7], "Alexandria City Samuel Tucker School": [7], "Arlington County Taylor": [7], "Arlington County Garfield Park": [7], "Arlington County Monroe": [7], "Arlington County Lyon Park": [7], "Arlington County Glen Carlyn": [7], "Arlington County Clarendon": [7], "Arlington County Courtlands": [7], "Arlington County Arlington Forest": [7], "Arlington County Ballston": [7], "Arlington County Barcroft": [7], "Arlington County Virginia Square": [7], "Arlington County Ashton Heights": [7], "Arlington County Buckingham": [7], "Arlington County Central": [7], "Arlington County Navy League": [7], "Arlington County Park Lane": [7], "Arlington County East Falls Church": [7], "Arlington County Ashlawn": [7], "Arlington County Nottingham": [7], "Arlington County Dominion Hills": [7], "Arlington County Lexington": [7], "Arlington County Overlee Knolls": [7], "Arlington County Westover": [7], "Arlington County Crystal City": [7], "Arlington County Crystal Plaza": [7], "Fairfax County Salona #2": [7], "Arlington County Dawson Terrace": [7], "Fairfax County Chesterbrook": [7], "Arlington County Thrifton": [7], "Arlington County Lyon Village": [7], "Arlington County Cherrydale": [7], "Arlington County Madison": [7], "Arlington County Marshall": [7], "Arlington County Rosslyn": [7], "Arlington County Wilson": [7], "Fairfax County Westmoreland": [7], "Fairfax County Kirby": [7], "Fairfax County El Nido": [7], "Fairfax County Haycock": [7], "Arlington County Yorktown": [7], "Arlington County Rock Spring": [7], "Fairfax County Longfellow": [7], "Arlington County Woodlawn": [7], "Arlington County Virginia Highlands": [7], "Arlington County Met Park": [7], "Arlington County Four Mile Run": [7], "Arlington County Gunston": [7], "Arlington County Glebe": [7], "Arlington County Arlington": [7], "Arlington County Columbia": [7], "Arlington County Wakefield": [7], "Arlington County Arlington View": [7], "Arlington County Jefferson": [7], "Arlington County Fillmore": [7], "Arlington County Hume": [7], "Arlington County Campbell": [7], "Fairfax County Plaza": [7], "Fairfax County Crossroads": [7], "Fairfax County Skyline": [7], "Fairfax County Glen Forest": [7], "Fairfax County Willston": [7], "Fairfax County Westhampton": [7], "Fairfax County Pimmit": [7], "Fairfax County Shreve": [7], "Fairfax County Fort Buffalo": [7], "Falls Church City Third Ward": [7], "Falls Church City Second Ward": [7], "Falls Church City First Ward": [7], "Fairfax County Pine Spring": [7], "Fairfax County Timber Lane": [7], "Fairfax County Graham": [7], "Fairfax County Walnut Hill": [7], "Fairfax County Marshall": [7], "Wise County Clinch Valley": [8], "Wise County Dorchester": [8], "Wise County Guest River Voting Place": [8], "Wise County Appalachia": [8], "Norton City East Ward": [8], "Wise County East Stone Gap": [8], "Lee County Robbins Chapel": [8], "Scott County Copper Creek": [8], "Scott County Clark'S": [8], "Lee County Keokee": [8], "Lee County Blackwater": [8], "Scott County Manville": [8], "Scott County Fairview": [8], "Lee County Jasper": [8], "Scott County Snowflake": [8], "Lee County Seminary": [8], "Scott County Clinchport": [8], "Scott County Dungannon": [8], "Scott County Fort Blackmore": [8], "Lee County Stickleyville": [8], "Scott County Twin Springs": [8], "Lee County Ewing": [8], "Scott County Weber City East": [8], "Lee County Elydale": [8], "Scott County Rye Cove": [8], "Lee County Saint Charles": [8], "Scott County Nickelsville": [8], "Lee County Flatwoods": [8], "Scott County Weber City": [8], "Scott County Hiltons": [8], "Scott County Yuma": [8], "Lee County Dryden": [8], "Lee County Rose Hill": [8], "Scott County Duffield-Pattonsville": [8], "Lee County Pennington": [8], "Lee County Jonesville": [8], "Lee County Ben Hur": [8], "Lee County Woodway": [8], "Scott County Gate City": [8], "Wise County West Pound": [8], "Wise County Big Stone Gap": [8], "Wise County Wise": [8], "Giles County Glen Lyn": [8], "Giles County White Gate": [8], "Montgomery County Precinct B-1": [8], "Giles County Staffordsville": [8], "Giles County Eggleston": [8], "Giles County Rich Creek": [8], "Giles County Newport": [8], "Montgomery County Precinct E-2": [8], "Montgomery County Precinct F-3": [8], "Giles County Pembroke": [8], "Giles County Narrows": [8], "Montgomery County Precinct C-4": [8], "Montgomery County Precinct A-2": [8], "Giles County Pearisburg": [8], "Montgomery County Precinct A-3": [8], "Montgomery County Precinct F-1": [8], "Montgomery County Precinct G-1": [8], "Montgomery County Precinct F-2": [8], "Montgomery County Precinct G-2": [8], "Pulaski County Belspring": [8], "Radford City Central Precinct": [8], "Radford City West Precinct": [8], "Pulaski County Robinson": [8], "Radford City East Precinct": [8], "Henry County Horsepasture #1": [8], "Henry County Bassett Number Two": [8], "Henry County Fontaine": [8], "Martinsville City Precinct #5": [8], "Henry County Oak Level": [8], "Martinsville City Precinct #4": [8], "Henry County Hillcrest": [8], "Henry County Fieldale": [8], "Henry County Dyers Store": [8], "Henry County Figsboro": [8], "Henry County Collinsville Number 2": [8], "Martinsville City Precinct #3": [8], "Martinsville City Precinct #1": [8], "Henry County Daniels Creek": [8], "Henry County Scott'S Tanyard": [8], "Henry County Gunville": [8], "Martinsville City Precinct #2": [8], "Martinsville City Precinct #6": [8], "Roanoke County Northside": [8], "Roanoke County Peters Creek": [8], "Roanoke County Botetourt Springs": [8], "Alleghany County District 1": [8], "Alleghany County Iron Gate": [8], "Alleghany County Dameron": [8], "Alleghany County Humpback Bridge": [8], "Alleghany County Callaghan": [8], "Alleghany County District 2": [8], "Covington City Precinct 1-1": [8], "Covington City Precinct 2-1": [8], "Covington City Precinct 4-1": [8], "Covington City Precinct 3-1": [8], "Covington City Precinct 5-1": [8], "Alleghany County Dolly Ann": [8], "Alleghany County Griffith": [8], "Alleghany County Arritt": [8], "Alleghany County Low Moor": [8], "Alleghany County Peters Switch": [8], "Alleghany County Jackson Heights": [8], "Bland County Davis": [8], "Tazewell County Burkes Garden": [8], "Tazewell County Amonate": [8], "Buchanan County South Grundy": [8], "Russell County East Lebanon": [8], "Tazewell County Freestone": [8], "Buchanan County Fox": [8], "Tazewell County Jewell Ridge": [8], "Tazewell County Bishop": [8], "Tazewell County Bandy": [8], "Bland County Hollybrook": [8], "Bland County Bastian": [8], "Bland County Ceres": [8], "Buchanan County Hurricane": [8], "Russell County Drill": [8], "Buchanan County Council": [8], "Bland County Mechanicsburg": [8], "Tazewell County Baptist Valley": [8], "Tazewell County Tip Top": [8], "Buchanan County Oakwood": [8], "Buchanan County Blackey": [8], "Tazewell County Thompson Valley": [8], "Buchanan County North Grundy": [8], "Tazewell County Clear Fork": [8], "Tazewell County Falls Mills": [8], "Buchanan County Bull": [8], "Bland County Seddon": [8], "Buchanan County Contrary": [8], "Buchanan County Grassy": [8], "Tazewell County Indian Valley": [8], "Tazewell County Pocahontas": [8], "Bland County Rocky Gap": [8], "Buchanan County Prater": [8], "Buchanan County Slate": [8], "Buchanan County Rocklick": [8], "Buchanan County Garden": [8], "Buchanan County Whitewood": [8], "Tazewell County Mundy Town": [8], "Buchanan County Hurley": [8], "Buchanan County Vansant": [8], "Russell County Swords Creek": [8], "Tazewell County Paint Lick": [8], "Tazewell County Springville": [8], "Tazewell County Cedar Bluff": [8], "Tazewell County Graham": [8], "Tazewell County Jeffersonville": [8], "Tazewell County Richlands": [8], "Dickenson County Frying Pan": [8], "Dickenson County West Dante": [8], "Russell County New Garden": [8], "Dickenson County Tarpon": [8], "Russell County North Castlewood": [8], "Dickenson County Herald": [8], "Russell County Dante": [8], "Dickenson County Nora": [8], "Russell County Daugherty": [8], "Wise County St Paul": [8], "Dickenson County Clinchco": [8], "Russell County Cleveland": [8], "Russell County Copper Creek": [8], "Dickenson County Ridge": [8], "Russell County Cooks Mill": [8], "Russell County Elk Garden": [8], "Dickenson County North Clintwood": [8], "Russell County Moccasin": [8], "Russell County Honaker": [8], "Dickenson County South Clintwood": [8], "Dickenson County Haysi-Colley": [8], "Russell County South Castlewood": [8], "Wise County East Pound": [8], "Russell County West Lebanon": [8], "Washington County Mendota": [8], "Washington County Wallace": [8], "Washington County Woodland Hills": [8], "Wise County South Coeburn": [8], "Washington County West Abingdon": [8], "Washington County Valley Institute": [8], "Washington County Greendale": [8], "Washington County Burson Place": [8], "Washington County South Abingdon": [8], "Wise County North Coeburn": [8], "Washington County East Abingdon": [8], "Galax City North": [8], "Galax City South": [8], "Galax City East": [8], "Smyth County Konnarock": [8], "Grayson County Troutdale": [8], "Grayson County Comers Rock": [8], "Grayson County Flatridge": [8], "Grayson County Mouth Of Wilson": [8], "Washington County Green Cove": [8], "Grayson County Rugby": [8], "Grayson County Bridle Creek": [8], "Grayson County Grant": [8], "Grayson County Mount Rogers": [8], "Grayson County Oldtown": [8], "Smyth County St Clair": [8], "Grayson County Elk Creek": [8], "Grayson County Fries": [8], "Washington County Hayters Gap": [8], "Smyth County Adwolfe": [8], "Grayson County Baywood": [8], "Washington County Clinchburg": [8], "Grayson County Providence": [8], "Grayson County Fairview": [8], "Washington County Damascus": [8], "Smyth County West Park": [8], "Grayson County Independence": [8], "Washington County High Point": [8], "Smyth County Seven Mile Ford": [8], "Washington County Glade Spring": [8], "Washington County John Battle": [8], "Smyth County Chilhowie": [8], "Washington County Watauga": [8], "Bristol City First Ward": [8], "Bristol City Second Ward": [8], "Washington County Meadowview": [8], "Bristol City Third Ward": [8], "Washington County Rhea Valley": [8], "Bristol City Fourth Ward": [8], "Carroll County Woodlawn F": [8], "Carroll County Dugspur": [8], "Carroll County Vaughan": [8], "Wythe County Huddle": [8], "Carroll County Sylvatus": [8], "Carroll County Woodlawn E": [8], "Carroll County Laurel": [8], "Wythe County Jackson Memorial": [8], "Wythe County Royal Oak": [8], "Carroll County Gladeville": [8], "Wythe County Max Meadows": [8], "Wythe County Fort Chiswell": [8], "Carroll County Hillsville C": [8], "Wythe County East Wytheville": [8], "Carroll County Laurel Fork": [8], "Carroll County Fancy Gap": [8], "Carroll County Lambsburg": [8], "Carroll County Gladesboro": [8], "Carroll County Mt Bethel": [8], "Carroll County St Paul": [8], "Carroll County Woodlawn D": [8], "Carroll County Oakland": [8], "Carroll County Hillsville B": [8], "Smyth County Rich Valley": [8], "Smyth County Saltville": [8], "Wythe County Evergreen": [8], "Smyth County Wassona": [8], "Wythe County Sheffey": [8], "Smyth County Sugar Grove": [8], "Smyth County Royal Oak West": [8], "Wythe County Zion": [8], "Smyth County Atkins": [8], "Smyth County Royal Oak East": [8], "Smyth County East Park": [8], "Wythe County Rural Retreat": [8], "Wythe County West Wytheville": [8], "Montgomery County Precinct D-4": [8], "Montgomery County Precinct D-1": [8], "Montgomery County Precinct B-3": [8], "Montgomery County Precinct D-2": [8], "Floyd County Courthouse": [8], "Floyd County Burks Fork": [8], "Floyd County Indian Valley": [8], "Floyd County Little River": [8], "Floyd County Locust Grove": [8], "Montgomery County Precinct C-2": [8], "Montgomery County Precinct D-5": [8], "Montgomery County Precinct D-3": [8], "Montgomery County Precinct B-4": [8], "Montgomery County Precinct E-1": [8], "Montgomery County Precinct E-3": [8], "Pulaski County Walker": [8], "Pulaski County Hiwassee": [8], "Pulaski County Massie": [8], "Pulaski County Newbern": [8], "Pulaski County Snowville": [8], "Pulaski County Draper": [8], "Pulaski County New River": [8], "Pulaski County West Cloyd": [8], "Pulaski County Dublin": [8], "Pulaski County South Pulaski": [8], "Roanoke County Bent Mountain": [8], "Roanoke County Mason Valley": [8], "Salem City Beverly Heights": [8], "Salem City East Salem": [8], "Salem City West Salem": [8], "Salem City South Salem No 1": [8], "Salem City Conehurst": [8], "Roanoke County Wildwood": [8], "Roanoke County Glenvar": [8], "Salem City South Salem No 2": [8], "Salem City North Salem No 1": [8], "Salem City South Side Hills": [8], "Salem City Hidden Valley": [8], "Salem City North Salem No 2": [8], "Montgomery County Precinct C-1": [8], "Roanoke County Green Hill": [8], "Roanoke County Catawba": [8], "Montgomery County Precinct C-3": [8], "Roanoke County Bennett Springs": [8], "Montgomery County Precinct A-1": [8], "Montgomery County Precinct B-2": [8], "Craig County Paint Bank": [8], "Craig County Barbours Creek": [8], "Craig County Court House": [8], "Craig County Craig Springs": [8], "Craig County Craig City": [8], "Craig County Givens & Reynolds Store": [8], "Craig County Marshalls Store": [8], "Craig County Ammendale Precinct": [8], "Patrick County Dry Pond": [8], "Patrick County Critz/Stella": [8], "Patrick County Claudville": [8], "Patrick County Ararat": [8], "Patrick County Stuart Community": [8], "Patrick County Woolwine": [8], "Patrick County Russell Creek": [8], "Patrick County Elamsville": [8], "Patrick County Willis Gap": [8], "Henry County Stanleytown": [8], "Henry County Mountain Valley": [8], "Patrick County Liberty": [8], "Patrick County Patrick Springs": [8], "Patrick County Stuart Fairgrounds": [8], "Patrick County Meadows Of Dan": [8], "Henry County Spencer": [8], "Henry County Bassett Number One": [8], "Henry County Horsepasture #2": [8], "Henry County Collinsville Number 1": [8], "Loudoun County Philomont": [9], "Loudoun County Briar Woods": [9], "Loudoun County Sycolin Creek": [9], "Loudoun County Madisons Trust": [9], "Loudoun County Cool Spring": [9], "Loudoun County Evergreen": [9], "Loudoun County Aldie": [9], "Loudoun County Middleburg": [9], "Loudoun County St Louis": [9], "Clarke County Millwood": [9], "Frederick County Shenandoah": [9], "Clarke County White Post": [9], "Frederick County Armel": [9], "Frederick County Parkin'S Mill": [9], "Frederick County Carpers Valley": [9], "Loudoun County Brambleton Middle": [9], "Loudoun County Dry Mill": [9], "Loudoun County Red Rock": [9], "Loudoun County Harper Park": [9], "Loudoun County Riverside": [9], "Loudoun County Brandon Park": [9], "Loudoun County River Creek": [9], "Loudoun County Creighton'S Corner": [9], "Loudoun County West Leesburg": [9], "Loudoun County Smarts Mill": [9], "Loudoun County Tolbert": [9], "Loudoun County East Leesburg": [9], "Prince William County Heritage Hunt": [9], "Prince William County Tyler": [9], "Prince William County Burke-Nickens": [9], "Prince William County Signal Hill": [9], "Manassas Park City Precinct One": [9], "Manassas Park City Precinct Three": [9], "Manassas Park City Precinct Two": [9], "Prince William County Yorkshire": [9], "Prince William County Yates Ford": [9], "Frederick County Gainesborough": [9], "Frederick County Cedar Creek": [9], "Winchester City Old Town": [9], "Frederick County Albin": [9], "Winchester City Frederick Douglass": [9], "Frederick County Russells": [9], "Frederick County Kernstown": [9], "Winchester City Rolling Hills": [9], "Frederick County Stephens City": [9], "Frederick County Nain": [9], "Winchester City Merrimans": [9], "Frederick County Gore": [9], "Frederick County Redland": [9], "Frederick County Canterburg": [9], "Frederick County Newtown": [9], "Frederick County White Hall": [9], "Winchester City Virginia Avenue": [9], "Winchester City War Memorial": [9], "Loudoun County Ashbrook": [9], "Loudoun County Mill Run": [9], "Loudoun County Moorefield": [9], "Loudoun County Broad Run": [9], "Loudoun County Heritage Church": [9], "Loudoun County Weller": [9], "Loudoun County Belmont Station": [9], "Loudoun County Eagle Ridge": [9], "Loudoun County Sanders Corner": [9], "Loudoun County Hillside": [9], "Loudoun County Cedar Lane": [9], "Loudoun County Russell Branch": [9], "Loudoun County Newton": [9], "Loudoun County Stone Bridge": [9], "Loudoun County Dominion Trail": [9], "Loudoun County Ashby Ponds": [9], "Loudoun County Algonkian": [9], "Loudoun County Seldens Landing": [9], "Loudoun County Galilee Church": [9], "Loudoun County University Center": [9], "Loudoun County Moorefield Station": [9], "Loudoun County Belmont Ridge": [9], "Loudoun County Farmwell Station": [9], "Loudoun County Between The Hills": [9], "Loudoun County Firehouse": [9], "Loudoun County Heritage": [9], "Loudoun County East Lovettsville": [9], "Loudoun County Round Hill": [9], "Loudoun County Hillsboro": [9], "Loudoun County Round Hill Elementary": [9], "Loudoun County Waterford": [9], "Loudoun County Lucketts": [9], "Loudoun County Clarkes Gap": [9], "Loudoun County West Lovettsville": [9], "Loudoun County Purcellville": [9], "Loudoun County Hamilton": [9], "Loudoun County Mountain View": [9], "Clarke County Blue Ridge": [9], "Clarke County Pine Grove": [9], "Clarke County Buckmarsh": [9], "Frederick County Clear Brook": [9], "Clarke County Russell": [9], "Clarke County Berryville": [9], "Frederick County Millbrook": [9], "Frederick County Ash Hollow": [9], "Frederick County Neff'S Town": [9], "Frederick County Greenwood": [9], "Loudoun County Tuscarora": [9], "Loudoun County Greenway": [9], "Loudoun County Balls Bluff": [9], "Fairfax County Churchill": [9], "Fairfax County Great Falls": [9], "Fairfax County Langley": [9], "Fairfax County Cooper": [9], "Fairfax County Spring Hill": [9], "Fairfax County Shouse": [9], "Fairfax County Colvin": [9], "Loudoun County Lowes Island": [9], "Loudoun County Seneca": [9], "Loudoun County Potomac Falls": [9], "Fairfax County Hickory": [9], "Fairfax County Forestville": [9], "Loudoun County South Bank": [9], "Fairfax County Seneca": [9], "Fairfax County Chain Bridge": [9], "Loudoun County Sugarland North": [9], "Fairfax County Kenmore": [9], "Loudoun County Sugarland South": [9], "Loudoun County River Bend": [9], "Fairfax County Difficult Run": [9], "Fairfax County Stone South": [9], "Prince William County Catharpin": [9], "Prince William County Battlefield": [9], "Prince William County Bull Run": [9], "Prince William County Mountain View": [9], "Fairfax County Popes Head": [9], "Fairfax County Deer Park": [9], "Fairfax County Fairfax Station": [9], "Fairfax County Colchester": [9], "Fairfax County Bull Run": [9], "Fairfax County Old Mill": [9], "Fairfax County Virginia Run": [9], "Fairfax County Woodyard": [9], "Fairfax County Clifton": [9], "Fairfax County Newgate": [9], "Fairfax County Sangster": [9], "Fairfax County South Run": [9], "Fairfax County Silverbrook": [9], "Fairfax County Fountainhead": [9], "Fairfax County Mclean": [9], "Manassas City Round": [9], "Manassas City Metz": [9], "Manassas City Haydon": [9], "Manassas City Dean": [9], "Manassas City Baldwin": [9], "Manassas City Weems": [9], "Prince William County Buckhall": [9], "Loudoun County Cardinal Ridge": [9], "Loudoun County Little River": [9], "Fairfax County Vale": [9], "Fairfax County Lees Corner": [9], "Fairfax County Hidden Meadow": [9], "Fairfax County Chantilly": [9], "Fairfax County Navy": [9], "Fairfax County Waples Mill": [9], "Fairfax County Franklin": [9], "Fairfax County Brookfield": [9], "Fairfax County Stone North": [9], "Fairfax County Poplar Tree": [9], "Fairfax County Greenbriar West": [9], "Fairfax County Cub Run": [9], "Fairfax County Rocky Run": [9], "Fairfax County Stonecroft": [9], "Fairfax County Sugarland": [9], "Fairfax County Clearview": [9], "Fairfax County Oak Hill": [9], "Fairfax County Armfield": [9], "Fairfax County Fox Mill": [9], "Fairfax County Carson": [9], "Loudoun County Sully": [9], "Loudoun County Forest Grove": [9], "Loudoun County Buffalo Trail": [9], "Loudoun County John Champe": [9], "Loudoun County Arcola": [9], "Loudoun County Pinebrook": [9], "Loudoun County Freedom": [9], "Loudoun County Goshen Post": [9], "Loudoun County Liberty": [9], "Loudoun County Town Hall": [9], "Loudoun County Lunsford": [9], "Prince William County Evergreen": [9], "Loudoun County Mercer": [9], "Loudoun County Hutchison Farm": [9], "Prince William County Alvey": [9], "Prince William County Reagan": [9], "Loudoun County Stone Hill": [9], "Loudoun County Discovery": [9], "Loudoun County Oak Grove": [9], "Loudoun County Countryside": [9], "Loudoun County Rock Ridge": [9], "Loudoun County Dulles South": [9], "Loudoun County Carter": [9], "Loudoun County Ridgetop": [9], "Loudoun County Claude Moore Park": [9], "Loudoun County Legacy": [9], "Loudoun County Park View": [9], "Loudoun County Sterling": [9], "Loudoun County Cascades": [9], "Loudoun County Mirror Ridge": [9], "Loudoun County Rolling Ridge": [9], "Prince William County Freedom": [10], "Prince William County Powells Creek": [10], "Prince William County Porter": [10], "Prince William County Leesylvania": [10], "Prince William County River Oaks": [10], "Prince William County Potomac View": [10], "Prince William County Swans Creek": [10], "Prince William County Rippon": [10], "Prince William County Belmont": [10], "Prince William County Rosa Parks": [10], "Prince William County Neabsco": [10], "Prince William County Saunders": [10], "Prince William County Enterprise": [10], "Prince William County King": [10], "Prince William County Beville": [10], "Fairfax County Wolftrap": [10], "Fairfax County Westbriar": [10], "Fairfax County Rotonda": [10], "Fairfax County Tysons": [10], "Fairfax County Freedom Hill": [10], "Fairfax County Madison": [10], "Fairfax County Hunters Branch": [10], "Fairfax County Vienna #4": [10], "Fairfax County Vienna #6": [10], "Fairfax County Oakton": [10], "Fairfax County Thoreau": [10], "Fairfax County Vienna #2": [10], "Fairfax County Centerpointe": [10], "Fairfax County Oak Marr": [10], "Fairfax County Nottoway": [10], "Fairfax County Penderbrook": [10], "Fairfax County Vienna #1": [10], "Fairfax County Kilmer": [10], "Fairfax County Blake": [10], "Fairfax County Cedar Lake": [10], "Fairfax County Sunrise Valley": [10], "Fairfax County Reston #3": [10], "Fairfax County Hunters Woods": [10], "Fairfax County Aldrin": [10], "Fairfax County Flint Hill": [10], "Fairfax County North Point": [10], "Fairfax County Reston #2": [10], "Fairfax County Reston #1": [10], "Fairfax County Cameron Glen": [10], "Fairfax County Glade": [10], "Fairfax County Armstrong": [10], "Fairfax County South Lakes": [10], "Fairfax County Hughes": [10], "Fairfax County Dogwood": [10], "Fairfax County Frying Pan": [10], "Fairfax County Mcnair": [10], "Fairfax City Three": [10], "Fairfax City Six": [10], "Fairfax City Two": [10], "Fairfax City Four": [10], "Fairfax City Five": [10], "Fairfax County Sideburn": [10], "Fairfax County Villa": [10], "Fairfax City One": [10], "Fairfax County University": [10], "Fairfax County Mosby": [10], "Fairfax County Fair Oaks": [10], "Fairfax County Eagle View": [10], "Fairfax County Monument": [10], "Fairfax County London Towne": [10], "Fairfax County Powell": [10], "Fairfax County Barcroft": [10], "Fairfax County Sleepy Hollow": [10], "Fairfax County Holmes #2": [10], "Fairfax County Ravenwood": [10], "Fairfax County Belvedere": [10], "Fairfax County Hummer": [10], "Fairfax County Masonville": [10], "Fairfax County Bristow": [10], "Fairfax County Columbia": [10], "Fairfax County Heritage": [10], "Fairfax County Ridgelea": [10], "Fairfax County Camelot": [10], "Fairfax County Wakefield": [10], "Fairfax County Canterbury": [10], "Fairfax County Danbury": [10], "Fairfax County Ravensworth": [10], "Fairfax County North Springfield": [10], "Fairfax County Chapel": [10], "Fairfax County Kings Park": [10], "Fairfax County Greenspring": [10], "Fairfax County Willow Springs": [10], "Fairfax County Spindle": [10], "Fairfax County Centre Ridge": [10], "Fairfax County Green Trails": [10], "Fairfax County Centreville": [10], "Fairfax County Compton": [10], "Fairfax County Little Run": [10], "Fairfax County Olde Creek": [10], "Fairfax County Mantua": [10], "Fairfax County Bonnie Brae": [10], "Fairfax County Price": [10], "Fairfax County Woodson": [10], "Fairfax County Laurel": [10], "Fairfax County Robinson": [10], "Fairfax County Parkway": [10], "Fairfax County Pohick": [10], "Fairfax County Terra Centre": [10], "Fairfax County Cherry Run": [10], "Fairfax County Signal Hill": [10], "Fairfax County White Oaks": [10], "Fairfax County Lake Braddock": [10], "Fairfax County Fairview": [10], "Fairfax County Burke Centre": [10], "Fairfax County Burke": [10], "Fairfax County Keene Mill": [10], "Fairfax County Irving": [10], "Fairfax County Cardinal": [10], "Fairfax County Hunt Valley": [10], "Fairfax County Valley": [10], "Fairfax County Orange": [10], "Fairfax County South County": [10], "Fairfax County West Springfield": [10], "Fairfax County Sydenstricker": [10], "Fairfax County Laurel Hill": [10], "Fairfax County Newington": [10], "Prince William County Kerrydale": [10], "Prince William County Chinn": [10], "Prince William County Bethel": [10], "Prince William County Rockledge": [10], "Prince William County Old Bridge": [10], "Prince William County Lynnwood": [10], "Prince William County Antietam": [10], "Prince William County Library": [10], "Prince William County Hampton": [10], "Prince William County Minnieville": [10], "Prince William County Bel Air": [10], "Prince William County Gideon": [10], "Prince William County Fitzgerald": [10], "Prince William County Dale": [10], "Prince William County York": [10], "Prince William County Potomac": [10], "Prince William County Grayson": [10], "Prince William County Occoquan": [10], "Prince William County Triangle": [10], "Prince William County Lynn": [10], "Prince William County Graham Park": [10], "Prince William County Kilby": [10], "Prince William County Dumfries": [10], "Fairfax County Pine Ridge": [10], "Fairfax County Walker": [10], "Fairfax County Merrifield": [10], "Fairfax County Gallows East": [10], "Fairfax County Woodburn": [10], "Fairfax County Greenbriar East": [10], "Fairfax County Fair Lakes": [10], "Fairfax County Stuart": [10], "Fairfax County Floris": [10], "Fairfax County Hutchison": [10], "Fairfax County Herndon #1": [10], "Fairfax County Coates": [10], "Fairfax County Herndon #3": [10], "Fairfax County Herndon #2": [10]}, "id": "239d7778", "idColumn": {"key": "loc_prec", "name": "Locality and precinct names"}, "problem": {"pluralNoun": "Congressional Districts", "numberOfParts": 11, "name": "Congress", "partCounts": [11]}, "parts": [{"id": 0, "displayNumber": 1}, {"id": 1, "displayNumber": 2}, {"id": 2, "displayNumber": 3}, {"id": 3, "displayNumber": 4}, {"id": 4, "displayNumber": 5}, {"id": 5, "displayNumber": 6}, {"id": 6, "displayNumber": 7}, {"id": 7, "displayNumber": 8}, {"id": 8, "displayNumber": 9}, {"id": 9, "displayNumber": 10}, {"id": 10, "displayNumber": 11}], "place": {"id": "virginia", "landmarks": {}}, "placeId": "virginia", "units": {"id": "precincts", "name": "Precincts", "unitType": "Precincts", "columnSets": [{"type": "population", "name": "Population", "total": {"key": "TOTPOP", "name": "Total population", "sum": 8001024, "min": 57, "max": 23502}, "subgroups": [{"key": "NH_WHITE", "name": "White population", "sum": 5186450, "min": 16, "max": 13958}, {"key": "NH_BLACK", "name": "Black population", "sum": 1523704, "min": 0, "max": 5618}, {"key": "HISP", "name": "Hispanic population", "sum": 631825, "min": 0, "max": 5055}, {"key": "NH_ASIAN", "name": "Asian population", "sum": 436298, "min": 0, "max": 4606}, {"key": "NH_AMIN", "name": "American Indian population", "sum": 20679, "min": 0, "max": 370}, {"key": "NH_NHPI", "name": "Native Hawaiian and Pacific Islander population", "sum": 5061, "min": 0, "max": 63}, {"key": "NH_2MORE", "name": "Two or more races", "sum": 181669, "min": 0, "max": 658}, {"key": "NH_OTHER", "name": "Other races", "sum": 15338, "min": 0, "max": 100}]}, {"type": "population", "name": "Voting Age Population", "total": {"key": "VAP", "name": "Voting age population", "sum": 6147347, "min": 44, "max": 22926}, "subgroups": [{"key": "WVAP", "name": "White voting age population", "sum": 4133385, "min": 16, "max": 13464}, {"key": "BVAP", "name": "Black voting age population", "sum": 1135015, "min": 0, "max": 5099}, {"key": "HVAP", "name": "Hispanic voting age population", "sum": 426857, "min": 0, "max": 3828}, {"key": "AMINVAP", "name": "Native American voting age population", "sum": 16173, "min": 0, "max": 305}, {"key": "NHPIVAP", "name": "Native Hawaiian and Pacific Islander voting age population", "sum": 3958, "min": 0, "max": 63}, {"key": "ASIANVAP", "name": "Asian voting age population", "sum": 334140, "min": 0, "max": 3316}, {"key": "OTHERVAP", "name": "Other races voting age population", "sum": 7833, "min": 0, "max": 99}, {"key": "2MOREVAP", "name": "Two or more races voting age population", "sum": 89986, "min": 0, "max": 629}]}, {"type": "text", "key": "locality", "name": "City or county", "subgroups": []}, {"type": "election", "name": "2016 Presidential", "subgroups": [{"key": "G16DPRS", "name": "Democratic", "sum": 1978980, "min": 5, "max": 3334}, {"key": "G16RPRS", "name": "Republican", "sum": 1768781, "min": 2, "max": 2912}], "year": "2016"}, {"type": "election", "name": "2018 Senate", "subgroups": [{"key": "G18DSEN", "name": "Democratic", "sum": 1908816, "min": 11, "max": 3055}, {"key": "G18RSEN", "name": "Republican", "sum": 1374045, "min": 3, "max": 2209}], "year": "2018"}, {"type": "election", "name": "2017 Lt. Governor", "subgroups": [{"key": "G17DLTG", "name": "Democratic", "sum": 1367403, "min": 8, "max": 2484}, {"key": "G17RLTG", "name": "Republican", "sum": 1224137, "min": 3, "max": 1836}], "year": "2017"}, {"type": "election", "name": "2017 Attorney General", "subgroups": [{"key": "G17DATG", "name": "Democratic", "sum": 1384412, "min": 8, "max": 2478}, {"key": "G17RATG", "name": "Republican", "sum": 1209229, "min": 5, "max": 1837}], "year": "2017"}, {"type": "election", "name": "2017 House of Delegates", "subgroups": [{"key": "G17DHOD", "name": "Democratic", "sum": 1303185, "min": 0, "max": 2578}, {"key": "G17RHOD", "name": "Republican", "sum": 1075834, "min": 0, "max": 1904}], "year": "2017"}, {"type": "election", "name": "2016 US House", "subgroups": [{"key": "G16DHOR", "name": "Democratic", "sum": 1857674, "min": 10, "max": 3158}, {"key": "G16RHOR", "name": "Republican", "sum": 1842067, "min": 0, "max": 3032}], "year": "2016"}], "idColumn": {"name": "Locality and precinct names", "key": "loc_prec"}, "bounds": [[-83.6754, 36.5408], [-75.1664, 39.466]], "tilesets": [{"type": "fill", "source": {"type": "vector", "url": "mapbox://districtr.virginia_precincts"}, "sourceLayer": "virginia_precincts"}, {"type": "circle", "source": {"type": "vector", "url": "mapbox://districtr.virginia_precincts_points"}, "sourceLayer": "virginia_precincts_points"}]}}